{"status":"1","message":"OK","result":"[{\"constant\":true,\"inputs\":[{\"name\":\"bboDocHash\",\"type\":\"bytes32\"},{\"name\":\"userSign\",\"type\":\"bytes\"}],\"name\":\"verifyBBODocument\",\"outputs\":[{\"name\":\"\",\"type\":\"bool\"}],\"payable\":false,\"stateMutability\":\"view\",\"type\":\"function\"},{\"constant\":true,\"inputs\":[{\"name\":\"bboDocHash\",\"type\":\"bytes32\"}],\"name\":\"getUsersByDocHash\",\"outputs\":[{\"name\":\"userSigneds\",\"type\":\"address[]\"}],\"payable\":false,\"stateMutability\":\"view\",\"type\":\"function\"},{\"constant\":false,\"inputs\":[{\"name\":\"bboDocHash\",\"type\":\"bytes32\"},{\"name\":\"userSign\",\"type\":\"bytes\"}],\"name\":\"signBBODocument\",\"outputs\":[],\"payable\":false,\"stateMutability\":\"nonpayable\",\"type\":\"function\"},{\"constant\":false,\"inputs\":[],\"name\":\"renounceOwnership\",\"outputs\":[],\"payable\":false,\"stateMutability\":\"nonpayable\",\"type\":\"function\"},{\"constant\":true,\"inputs\":[],\"name\":\"owner\",\"outputs\":[{\"name\":\"\",\"type\":\"address\"}],\"payable\":false,\"stateMutability\":\"view\",\"type\":\"function\"},{\"constant\":true,\"inputs\":[],\"name\":\"getUserSignedDocuments\",\"outputs\":[{\"name\":\"docHashes\",\"type\":\"bytes32[]\"}],\"payable\":false,\"stateMutability\":\"view\",\"type\":\"function\"},{\"constant\":false,\"inputs\":[{\"name\":\"_newOwner\",\"type\":\"address\"}],\"name\":\"transferOwnership\",\"outputs\":[],\"payable\":false,\"stateMutability\":\"nonpayable\",\"type\":\"function\"},{\"anonymous\":false,\"inputs\":[{\"indexed\":false,\"name\":\"bboDocHash\",\"type\":\"bytes32\"},{\"indexed\":false,\"name\":\"userSign\",\"type\":\"bytes\"},{\"indexed\":false,\"name\":\"timestamp\",\"type\":\"uint256\"},{\"indexed\":false,\"name\":\"user\",\"type\":\"address\"}],\"name\":\"BBODocumentSigned\",\"type\":\"event\"},{\"anonymous\":false,\"inputs\":[{\"indexed\":true,\"name\":\"previousOwner\",\"type\":\"address\"}],\"name\":\"OwnershipRenounced\",\"type\":\"event\"},{\"anonymous\":false,\"inputs\":[{\"indexed\":true,\"name\":\"previousOwner\",\"type\":\"address\"},{\"indexed\":true,\"name\":\"newOwner\",\"type\":\"address\"}],\"name\":\"OwnershipTransferred\",\"type\":\"event\"}]"}